-- clinicaPOPULA

USE CLINICA2;

INSERT INTO MEDICO(NUMEROCRM, ESTADOCRM, NOMEMED)
VALUES	(857735,'PE', 'JOÃO JOSE'),
		( 546674, 'PE', 'RONALDO'),
		( 525674, 'PE', 'ROBERTA'),
        ( 745623, 'BA', 'VERA'),
        ( 745622, 'BA', 'ADRIANA'),
        ( 745675, 'PE', 'OMAR'),
		(745674, 'BA', 'ANA MARIA');
	
INSERT INTO PACIENTE(NOMEPACIENTE, DATANASCIMENTO, SEXO, CEP, CIDADE, ESTADO, COMPLEMENTO)
VALUES	('jOÃO JOSE', '1980-04-26', 'M', 74846594, 'GAMA', 'DF', ''),
		('jOÃO JOSE', '1980-04-26', 'M', 74846594, 'GAMA', 'DF', ''),
		('mARIA NAZARE', '1977-03-14', 'F', 78456594, 'TAGUATINGA', 'DF', 'M NORTE'),
        ('jOÃO JOSE', '1980-04-26', 'M', 74846594, 'GAMA', 'DF', ''),
		('mARIA NAZARE', '1977-03-14', 'F', 78456594, 'TAGUATINGA', 'DF', 'M NORTE'),
        ('jOÃO JOSE', '1980-04-26', 'M', 74846594, 'GAMA', 'DF', ''),
		('mARIA NAZARE', '1977-03-14', 'F', 78456594, 'TAGUATINGA', 'DF', 'M NORTE'),
        ('jOÃO JOSE', '1980-04-26', 'M', 74846594, 'GAMA', 'DF', ''),
		('mARIA NAZARE', '1977-03-14', 'F', 78456594, 'TAGUATINGA', 'DF', 'M NORTE'),
        ('jOÃO JOSE', '1980-04-26', 'M', 74846594, 'GAMA', 'DF', ''),
		('mARIA NAZARE', '1977-03-14', 'F', 78456594, 'TAGUATINGA', 'DF', 'M NORTE'),
        ('jOÃO JOSE', '1980-04-26', 'M', 74846594, 'GAMA', 'DF', ''),
		('mARIA NAZARE', '1977-03-14', 'F', 78456594, 'TAGUATINGA', 'DF', 'M NORTE'),
        ('jOÃO JOSE', '1980-04-26', 'M', 74846594, 'GAMA', 'DF', ''),
		('mARIA NAZARE', '1977-03-14', 'F', 78456594, 'TAGUATINGA', 'DF', 'M NORTE'),
		('mARIA NAZARE', '1977-03-14', 'F', 78456594, 'TAGUATINGA', 'DF', 'M NORTE');
        
INSERT INTO ESPECIALIDADE(NOMEESPECIALIDADE)
VALUES	('CARDIOLOGIA'),
		('FONO'),
        ('PEDIATRA'),
        ('ORTOPEDIA');
        
INSERT INTO POSSUIESPECIALIDADE(IDESPECIALIDADE, NUMEROCRM, ESTADOCRM)
VALUES 	(1, 857735,'PE'),
		(2, 546674, 'PE'),
		(3, 525674, 'PE'),
        (2, 745623, 'BA'),
        (1, 745622, 'BA'),
        (3, 745675, 'PE'),
		(4, 745674, 'BA');
        
INSERT INTO CONSULTA(DATAHORA, NUMEROCRM, ESTADOCRM, IDPACIENTE)
VALUES	('2024-04-16 09:00:45',  857735,'PE',3 ),
		('2022-04-16 16:43:45', 546674, 'PE',4 ),
		('2021-04-16 11:25:45', 745622, 'BA',10 ),
		('2024-04-16 14:14:45', 745675, 'PE',6 ); 
        
INSERT INTO TELEFONE(TELEFONE, IDPACIENTE)
VALUES 	(61954842347,2),
		(61354842347,5),
		(61956842347,2),
		(61954742347,12),
		(61954885347,6),
		(61954882347,7),
		(61954328347,10);
        
INSERT INTO RECEITA(IDCONSULTA, DESCRICAO)
VALUES 	(1, ''),
		(2, 'REPOUSO'),
        (3, 'iNGESTÃO DE LIQUIDOS');
        
INSERT INTO MEDICAMENTOPRES(MEDICAMENTO, IDRECEITA)
VALUES	('Dipirona', 4),
		('Xarope', 5),
        ('metformina', 6),
        ('laxante', 5);